Date,Payer Name,Amount,Transaction Type,Transaction ID,Description
2026-09-18,UPI-VENKATESH,450.00,Credit,UPI/998877665501,UPI from Venkatesh / for Meena alteration
2026-09-15,CHITRA DEVI,2200.00,Credit,UPI/998877665502,GPay payment from Chitra Devi
2026-09-18,REVATHI BALAJI,1750.00,Credit,UPI/998877665503,PhonePe from Revathi Balaji for Balaji Grocery
2026-09-04,LAKSHMI NARAYANAN,950.00,Credit,UPI/998877665504,UPI transfer from Lakshmi Narayanan
2026-09-07,GOVINDARAJ,10000.00,Credit,UPI/998877665505,NEFT Part payment against 15400 battery bill
2026-09-24,VIJAYAKUMAR,5000.00,Credit,UPI/998877665506,IMPS Advance for heavy leaf spring set
2026-09-02,VELU MECHANIC,4200.00,Credit,UPI/998877665507,UPI/Velu Mechanic engine oil box
2026-09-03,SRI RAM GARAGE,7850.00,Credit,UPI/998877665508,UPI/Sri Ram Garage clutch plate
2026-09-05,SELVAM,1250.00,Credit,UPI/998877665509,UPI payment from Selvam
2026-09-08,MANI WORKSHOP,3100.00,Credit,UPI/998877665510,GPay from Mani Workshop
2026-09-10,KANNAN AUTO,2650.00,Credit,UPI/998877665511,PhonePe from Kannan Auto
2026-09-14,KUMARAN MOTORS,9200.00,Credit,UPI/998877665512,NEFT from Kumaran Motors
2026-09-15,SENTHIL NATHAN,1450.00,Credit,UPI/998877665513,UPI from Senthil Nathan
2026-09-18,THANGAM TAXI SERVICE,6400.00,Credit,UPI/998877665514,UPI from Thangam Taxi Service
2026-09-19,RAJAN WORKSHOP,2100.00,Credit,UPI/998877665515,UPI from Rajan Workshop
2026-09-20,KASI TWO WHEELER WORKS,850.00,Credit,UPI/998877665516,UPI/Kasi Two Wheeler Works
2026-09-24,SHANKAR AUTO WORKS,1950.00,Credit,UPI/998877665517,UPI/Shankar Auto Works
2026-09-26,NAGARAJ GARAGE,5300.00,Credit,UPI/998877665518,GPay from Nagaraj Garage
2026-09-10,GANESH TRAVELS,5000.00,Credit,UPI/998877665519,Bulk bus hire rental settlement
2026-09-10,RAJESH SHARMA,1300.00,Credit,UPI/998877665520,UPI payment Rajesh Sharma
2026-09-02,Swiggy Settlement Payout,4820.00,Credit,UPI/998877665521,Weekly delivery merchant settlement
2026-09-06,FD Interest Payout,1850.00,Credit,UPI/998877665522,Fixed deposit quarterly interest credit
2026-09-12,Flipkart Wholesale Refund,2199.00,Credit,UPI/998877665523,Return refund credited for damaged parts
2026-09-17,Google Pay Reward Cashback,100.00,Credit,UPI/998877665524,Merchant reward cashback
2026-09-22,BharatPe Daily QR Settlement,6750.00,Credit,UPI/998877665525,QR code combined settlement
2026-09-27,Cred Cashback Deposit,75.00,Credit,UPI/998877665526,Promotional credit reward
2026-09-28,Insurance Claim Settlement,3200.00,Credit,UPI/998877665527,Glass breakage reimbursement
2026-09-04,Castrol Lubricants India Ltd,14500.00,Debit,UPI/998877665528,Bulk oil barrel purchase
2026-09-09,Welding Gas Cylinder Refill,1750.00,Debit,UPI/998877665529,Oxygen & Acetylene refill
2026-09-11,Shop Electric Power Bill,2450.00,Debit,UPI/998877665530,TNEB Monthly commercial electricity
2026-09-14,Lathe Machine Job Work Charge,850.00,Debit,UPI/998877665531,Shaft turning charges
2026-09-16,Hardware Tools Supplier,6200.00,Debit,UPI/998877665532,Stock purchase tools and spanners
2026-09-18,Compressor Lubricating Oil,920.00,Debit,UPI/998877665533,Air compressor maintenance oil
2026-09-21,Staff Daily Allowance,600.00,Debit,UPI/998877665534,Lunch & tea expense for helpers
2026-09-25,Shop Cleaning & Waste Hauling,400.00,Debit,UPI/998877665535,Scrap metal & waste removal
2026-09-28,Local Municipality Trade License Fee,1200.00,Debit,UPI/998877665536,Annual shop renewal fee